Tempos,Algoritmos
0.023176383000000023,Quicksort
0.017217531000000008,Cutoff Quicksort
0.021845906000000026,Median of Three Quicksort
